frame,center_x,center_y,angle_deg
751,269,317,45.0
797,240,302,116.56505012512207
798,245,305,135.0
799,242,304,90.0
802,238,303,7.125016689300537
806,240,305,0.0
807,248,308,135.0
808,261,314,0.0
809,277,316,0.0
829,268,312,90.0
830,278,321,90.0
831,285,324,99.46232223510742
832,270,316,135.0
